population,k,inertia,silhouette,calinski_harabasz,ari_min,ari_mean,min_cluster_share
JOINT,3,2329566.0433,0.2902,20011.4519,0.9931,0.9974,0.1512
JOINT,4,1987200.4713,0.268,18544.1706,0.9813,0.9846,0.1512
JOINT,5,1712562.4073,0.2793,18236.533,0.9302,0.971,0.095
JOINT,6,1480265.6079,0.2793,18471.7723,0.9797,0.989,0.0852
JOINT,7,1356654.4748,0.2651,17568.2822,0.9983,0.9989,0.0819
JOINT,8,1261625.7049,0.2589,16747.5102,0.9912,0.997,0.0743
JOINT,9,1176375.0872,0.2625,16153.6447,0.7145,0.8787,0.051
JOINT,10,1100170.8936,0.2519,15701.4859,0.552,0.8478,0.0483
JOINT_age,3,3114058.4108,0.2479,15498.606,0.9949,0.998,0.1509
JOINT_age,4,2763895.3952,0.2338,13719.2807,0.9822,0.9923,0.1146
JOINT_age,5,2450328.4292,0.2253,13250.9822,0.9984,0.9992,0.0968
JOINT_age,6,2196674.9162,0.2323,12937.2757,0.9956,0.9982,0.0882
JOINT_age,7,1984694.8438,0.2297,12870.2679,0.9843,0.9872,0.0779
JOINT_age,8,1872134.6135,0.2136,12119.0569,0.9845,0.9953,0.0731
JOINT_age,9,1777449.8558,0.2088,11497.8056,0.9899,0.9902,0.07
JOINT_age,10,1704267.2096,0.1963,10908.2519,0.6131,0.6188,0.0615
SINGLE,3,1551470.3884,0.2628,20953.9653,0.9688,0.9912,0.3209
SINGLE,4,1294083.1513,0.2575,20018.3571,0.9519,0.9869,0.2014
SINGLE,5,1074196.5688,0.2783,20706.044,0.9669,0.9828,0.0969
SINGLE,6,950126.1898,0.2636,19976.4927,0.9937,0.9974,0.0929
SINGLE,7,870370.7254,0.2689,18957.9285,0.9905,0.9943,0.0588
REPEAT,3,369498.5711,0.2881,18894.1904,0.9895,0.9962,0.1219
REPEAT,4,312257.1864,0.2757,18001.8989,0.9718,0.9837,0.1217
REPEAT,5,270413.5117,0.2566,17496.4318,0.9822,0.9889,0.1188
REPEAT,6,241851.085,0.2492,16773.3674,0.9608,0.9689,0.1183
REPEAT,7,221480.3969,0.2508,16078.2523,0.9704,0.981,0.1111
