customer_id,clean_city,avg_txn_value,latest_balance,txn_to_balance_ratio
C1***936,CHENNAI,100000.0,1.42,70422.5352
C8***214,HYDERABAD,30000.0,1.32,22727.2727
C8***928,RAMSIN,26060.0,1.54,16922.0779
C2***749,BANGALORE,66799.0,3.97,16825.9446
C3***782,BANGALORE,63387.0,3.97,15966.4987
C6***775,BANGALORE,62899.0,3.97,15843.5768
C6***713,BANGALORE,54788.0,3.97,13800.5038
C8***566,KATGHORA,64351.0,4.9,13132.8571
C8***243,HYDERABAD,16614.0,1.32,12586.3636
C4***788,DELHI,20000.0,1.65,12121.2121
C3***425,NASHIK,24500.0,2.1,11666.6667
C4***962,PANIPAT,25000.0,2.23,11210.7623
C1***957,DELHI,17000.0,1.61,10559.0062
C7***440,VADODARA,13800.0,1.34,10298.5075
C4***044,PUNE,20212.0,2.02,10005.9406
C7***718,BANGALORE,37895.5,3.97,9545.466
C1***768,TANENGLONG,9894.0,1.09,9077.0642
C8***246,SOUTHALL,41150.0,4.71,8736.7304
C7***776,NEW DELHI,27000.0,3.1,8709.6774
C2***089,DELHI,21416.1,2.5,8566.44
C5***946,RAMSIN,13180.0,1.54,8558.4416
C8***266,SOUTHALL,36710.0,4.71,7794.0552
C4***942,CHENNAI,10989.0,1.42,7738.7324
C4***427,GURGAON,30000.0,4.09,7334.9633
C8***452,GURGAON,30000.0,4.09,7334.9633
C6***215,SOUTHALL,33800.0,4.71,7176.2208
C3***752,BANGALORE,28345.0,3.97,7139.7985
C6***918,CHENNAI,10000.0,1.42,7042.2535
C8***654,DELHI,8296.5,1.2,6913.75
C7***618,BANKA,15966.0,2.44,6543.4426
C2***163,INDORE,14600.0,2.28,6403.5088
C5***419,AHMEDABAD,12677.0,2.0,6338.5
C1***947,CHENNAI,8400.0,1.42,5915.493
C4***769,BANGALORE,22330.57,3.97,5624.8287
C8***744,BANGALORE,21499.0,3.97,5415.3652
C6***622,GHAZIABAD,17250.0,3.38,5103.5503
C6***158,KOLKATA,50840.5,10.0,5084.05
C6***868,NOIDA,13040.0,2.63,4958.1749
C8***930,PUNE,50000.0,10.22,4892.3679
C6***959,EAST GODAVARI,6200.0,1.28,4843.75
C7***850,NEW DELHI,7500.0,1.55,4838.7097
C1***025,PUNE,9500.0,2.02,4702.9703
C4***956,MUMBAI,50000.0,10.65,4694.8357
C2***344,BANGALORE,99450.405,21.3,4669.0331
C1***456,MUMBAI,25000.0,5.46,4578.7546
C4***413,MUMBAI,25000.0,5.46,4578.7546
C6***744,JUNCTON VISAKHAPATNAM,5000.0,1.11,4504.5045
C2***935,CHENNAI,6350.0,1.42,4471.831
C2***652,GHAZIABAD,15007.5,3.38,4440.0888
C2***334,AHMEDABAD,62943.25,14.73,4273.1331
C3***949,CHENNAI,6000.0,1.42,4225.3521
C7***385,PUNE,8105.0,1.93,4199.4819
C2***441,BETUL,13500.0,3.23,4179.5666
C8***453,BHIWADI,18000.0,4.31,4176.3341
C7***935,CHENNAI,5793.0,1.42,4079.5775
C5***126,RUDRAPUR,18000.0,4.45,4044.9438
C2***382,NEW DELHI,4460.44,1.13,3947.292
C7***668,BANGALORE,95977.0,24.43,3928.6533
C7***265,DELHI,6499.0,1.67,3891.6168
C7***955,CHENNAI,5498.0,1.42,3871.831
C3***351,MANGALORE,9500.0,2.46,3861.7886
C1***131,INDORE,8700.0,2.28,3815.7895
C8***713,AHMEDABAD,10278.0,2.77,3710.4693
C3***933,CHENNAI,5000.0,1.42,3521.1268
C3***389,GOLAGHAT,4662.0,1.34,3479.1045
C2***959,SHAHABAD,34989.0,10.07,3474.578
C2***924,SHAHABAD,34989.0,10.07,3474.578
C6***991,SHAHABAD,34989.0,10.07,3474.578
C7***367,MEERUT,5000.0,1.51,3311.2583
C2***049,MANDAPETA,3624.0,1.1,3294.5455
C5***090,SIVASAGAR,16786.0,5.15,3259.4175
C5***443,VADODARA,4343.366666666667,1.34,3241.3184
C9***863,MUMBAI,4775.0,1.49,3204.698
C7***967,MUMBRA,6623.0,2.07,3199.5169
C8***727,HYDERABAD,6382.0,2.01,3175.1244
C1***711,GURGAON,17174.5,5.44,3157.0772
C3***258,GURGAON,5018.0,1.61,3116.7702
C2***556,KOLKATA,7533.92,2.45,3075.0694
C3***923,DELHI,9998.0,3.26,3066.8712
C4***861,RANGA REDDY,3750.0,1.23,3048.7805
C8***139,MUMBAI,6341.41,2.08,3048.7548
C1***377,AGRA,5137.4,1.69,3039.8817
C7***553,BANGALORE,16815.333333333332,5.6,3002.7381
C1***578,PUNE,4710.0,1.62,2907.4074
C3***251,PATNA,15000.0,5.29,2835.5388
C5***784,DELHI,4403.0,1.56,2822.4359
C3***231,VISAKHAPATNAM,15044.0,5.37,2801.4898
C1***679,BANGALORE,4113.173333333333,1.48,2779.1712
C2***451,MORMUGAO,13499.0,4.91,2749.2872
C8***813,DELHI,15000.0,5.47,2742.2303
C8***547,NALANDA,5719.0,2.09,2736.3636
C5***190,INDORE,6158.0,2.28,2700.8772
C4***660,GURGAON,4000.0,1.49,2684.5638
C2***388,NEW DELHI,11690.0,4.37,2675.0572
C1***619,CHENNAI,2917.0,1.11,2627.9279
C7***591,GOREGAON E MUMBAI,16000.0,6.09,2627.2578
C7***258,GURGAON,12037.5,4.59,2622.549
C6***038,ERNAKULAM,14673.0,5.65,2596.9912
C3***182,DELHI,16850.0,6.5,2592.3077
C7***074,NEW DELHI,170000.0,65.69,2587.9129
